id,target
boostcamp-sts-v1-test-000,3.5
boostcamp-sts-v1-test-001,2.1
boostcamp-sts-v1-test-002,2.3
boostcamp-sts-v1-test-003,1.0
boostcamp-sts-v1-test-004,4.0
boostcamp-sts-v1-test-005,2.0
boostcamp-sts-v1-test-006,4.5
boostcamp-sts-v1-test-007,3.5
boostcamp-sts-v1-test-008,2.5
boostcamp-sts-v1-test-009,2.1
boostcamp-sts-v1-test-010,1.7
boostcamp-sts-v1-test-011,3.2
boostcamp-sts-v1-test-012,1.5
boostcamp-sts-v1-test-013,3.1
boostcamp-sts-v1-test-014,1.2
boostcamp-sts-v1-test-015,3.2
boostcamp-sts-v1-test-016,3.9
boostcamp-sts-v1-test-017,4.8
boostcamp-sts-v1-test-018,2.4
boostcamp-sts-v1-test-019,3.9
boostcamp-sts-v1-test-020,3.0
boostcamp-sts-v1-test-021,4.0
boostcamp-sts-v1-test-022,2.3
boostcamp-sts-v1-test-023,2.1
boostcamp-sts-v1-test-024,1.2
boostcamp-sts-v1-test-025,4.8
boostcamp-sts-v1-test-026,2.0
boostcamp-sts-v1-test-027,2.4
boostcamp-sts-v1-test-028,3.5
boostcamp-sts-v1-test-029,4.2
boostcamp-sts-v1-test-030,4.8
boostcamp-sts-v1-test-031,4.6
boostcamp-sts-v1-test-032,4.0
boostcamp-sts-v1-test-033,1.2
boostcamp-sts-v1-test-034,2.1
boostcamp-sts-v1-test-035,2.9
boostcamp-sts-v1-test-036,3.8
boostcamp-sts-v1-test-037,3.4
boostcamp-sts-v1-test-038,2.1
boostcamp-sts-v1-test-039,3.9
boostcamp-sts-v1-test-040,3.2
boostcamp-sts-v1-test-041,4.0
boostcamp-sts-v1-test-042,4.5
boostcamp-sts-v1-test-043,2.3
boostcamp-sts-v1-test-044,4.6
boostcamp-sts-v1-test-045,4.5
boostcamp-sts-v1-test-046,2.4
boostcamp-sts-v1-test-047,2.5
boostcamp-sts-v1-test-048,4.3
boostcamp-sts-v1-test-049,3.3
boostcamp-sts-v1-test-050,3.2
boostcamp-sts-v1-test-051,4.0
boostcamp-sts-v1-test-052,3.5
boostcamp-sts-v1-test-053,3.6
boostcamp-sts-v1-test-054,2.6
boostcamp-sts-v1-test-055,5.0
boostcamp-sts-v1-test-056,3.7
boostcamp-sts-v1-test-057,3.3
boostcamp-sts-v1-test-058,3.8
boostcamp-sts-v1-test-059,4.7
boostcamp-sts-v1-test-060,2.7
boostcamp-sts-v1-test-061,2.3
boostcamp-sts-v1-test-062,2.8
boostcamp-sts-v1-test-063,3.2
boostcamp-sts-v1-test-064,4.2
boostcamp-sts-v1-test-065,3.9
boostcamp-sts-v1-test-066,4.4
boostcamp-sts-v1-test-067,4.7
boostcamp-sts-v1-test-068,3.7
boostcamp-sts-v1-test-069,2.7
boostcamp-sts-v1-test-070,4.8
boostcamp-sts-v1-test-071,1.5
boostcamp-sts-v1-test-072,2.2
boostcamp-sts-v1-test-073,3.4
boostcamp-sts-v1-test-074,3.1
boostcamp-sts-v1-test-075,3.6
boostcamp-sts-v1-test-076,2.0
boostcamp-sts-v1-test-077,2.0
boostcamp-sts-v1-test-078,4.7
boostcamp-sts-v1-test-079,3.6
boostcamp-sts-v1-test-080,1.7
boostcamp-sts-v1-test-081,2.7
boostcamp-sts-v1-test-082,1.6
boostcamp-sts-v1-test-083,2.7
boostcamp-sts-v1-test-084,1.6
boostcamp-sts-v1-test-085,3.7
boostcamp-sts-v1-test-086,4.5
boostcamp-sts-v1-test-087,4.6
boostcamp-sts-v1-test-088,1.6
boostcamp-sts-v1-test-089,2.3
boostcamp-sts-v1-test-090,3.0
boostcamp-sts-v1-test-091,4.0
boostcamp-sts-v1-test-092,4.7
boostcamp-sts-v1-test-093,1.2
boostcamp-sts-v1-test-094,2.1
boostcamp-sts-v1-test-095,2.0
boostcamp-sts-v1-test-096,4.8
boostcamp-sts-v1-test-097,4.6
boostcamp-sts-v1-test-098,2.6
boostcamp-sts-v1-test-099,1.1
boostcamp-sts-v1-test-100,4.8
boostcamp-sts-v1-test-101,2.0
boostcamp-sts-v1-test-102,2.0
boostcamp-sts-v1-test-103,4.2
boostcamp-sts-v1-test-104,2.1
boostcamp-sts-v1-test-105,2.7
boostcamp-sts-v1-test-106,1.9
boostcamp-sts-v1-test-107,2.9
boostcamp-sts-v1-test-108,1.3
boostcamp-sts-v1-test-109,1.5
boostcamp-sts-v1-test-110,4.0
boostcamp-sts-v1-test-111,3.6
boostcamp-sts-v1-test-112,2.9
boostcamp-sts-v1-test-113,3.7
boostcamp-sts-v1-test-114,4.3
boostcamp-sts-v1-test-115,3.4
boostcamp-sts-v1-test-116,2.1
boostcamp-sts-v1-test-117,2.4
boostcamp-sts-v1-test-118,1.5
boostcamp-sts-v1-test-119,1.4
boostcamp-sts-v1-test-120,4.3
boostcamp-sts-v1-test-121,2.1
boostcamp-sts-v1-test-122,4.7
boostcamp-sts-v1-test-123,3.0
boostcamp-sts-v1-test-124,4.3
boostcamp-sts-v1-test-125,2.1
boostcamp-sts-v1-test-126,4.2
boostcamp-sts-v1-test-127,4.0
boostcamp-sts-v1-test-128,2.4
boostcamp-sts-v1-test-129,1.0
boostcamp-sts-v1-test-130,2.1
boostcamp-sts-v1-test-131,3.7
boostcamp-sts-v1-test-132,3.7
boostcamp-sts-v1-test-133,3.8
boostcamp-sts-v1-test-134,2.8
boostcamp-sts-v1-test-135,3.0
boostcamp-sts-v1-test-136,1.3
boostcamp-sts-v1-test-137,3.1
boostcamp-sts-v1-test-138,4.7
boostcamp-sts-v1-test-139,1.4
boostcamp-sts-v1-test-140,1.4
boostcamp-sts-v1-test-141,2.2
boostcamp-sts-v1-test-142,4.9
boostcamp-sts-v1-test-143,3.6
boostcamp-sts-v1-test-144,1.3
boostcamp-sts-v1-test-145,4.6
boostcamp-sts-v1-test-146,4.5
boostcamp-sts-v1-test-147,3.2
boostcamp-sts-v1-test-148,2.4
boostcamp-sts-v1-test-149,3.3
boostcamp-sts-v1-test-150,3.0
boostcamp-sts-v1-test-151,2.8
boostcamp-sts-v1-test-152,2.3
boostcamp-sts-v1-test-153,3.8
boostcamp-sts-v1-test-154,4.7
boostcamp-sts-v1-test-155,4.5
boostcamp-sts-v1-test-156,2.8
boostcamp-sts-v1-test-157,4.6
boostcamp-sts-v1-test-158,4.7
boostcamp-sts-v1-test-159,4.8
boostcamp-sts-v1-test-160,2.0
boostcamp-sts-v1-test-161,2.2
boostcamp-sts-v1-test-162,4.3
boostcamp-sts-v1-test-163,4.7
boostcamp-sts-v1-test-164,2.8
boostcamp-sts-v1-test-165,2.3
boostcamp-sts-v1-test-166,1.3
boostcamp-sts-v1-test-167,3.9
boostcamp-sts-v1-test-168,3.8
boostcamp-sts-v1-test-169,4.2
boostcamp-sts-v1-test-170,3.3
boostcamp-sts-v1-test-171,3.2
boostcamp-sts-v1-test-172,2.6
boostcamp-sts-v1-test-173,1.1
boostcamp-sts-v1-test-174,3.3
boostcamp-sts-v1-test-175,3.4
boostcamp-sts-v1-test-176,3.6
boostcamp-sts-v1-test-177,4.2
boostcamp-sts-v1-test-178,2.3
boostcamp-sts-v1-test-179,1.8
boostcamp-sts-v1-test-180,1.0
boostcamp-sts-v1-test-181,3.1
boostcamp-sts-v1-test-182,1.9
boostcamp-sts-v1-test-183,1.5
boostcamp-sts-v1-test-184,3.7
boostcamp-sts-v1-test-185,3.9
boostcamp-sts-v1-test-186,3.1
boostcamp-sts-v1-test-187,4.6
boostcamp-sts-v1-test-188,2.9
boostcamp-sts-v1-test-189,2.8
boostcamp-sts-v1-test-190,2.4
boostcamp-sts-v1-test-191,2.8
boostcamp-sts-v1-test-192,1.6
boostcamp-sts-v1-test-193,3.9
boostcamp-sts-v1-test-194,1.9
boostcamp-sts-v1-test-195,2.6
boostcamp-sts-v1-test-196,4.6
boostcamp-sts-v1-test-197,2.9
boostcamp-sts-v1-test-198,1.3
boostcamp-sts-v1-test-199,4.3
boostcamp-sts-v1-test-200,1.5
boostcamp-sts-v1-test-201,1.9
boostcamp-sts-v1-test-202,4.0
boostcamp-sts-v1-test-203,4.3
boostcamp-sts-v1-test-204,2.0
boostcamp-sts-v1-test-205,1.2
boostcamp-sts-v1-test-206,2.0
boostcamp-sts-v1-test-207,2.4
boostcamp-sts-v1-test-208,3.7
boostcamp-sts-v1-test-209,1.8
boostcamp-sts-v1-test-210,1.1
boostcamp-sts-v1-test-211,2.0
boostcamp-sts-v1-test-212,2.8
boostcamp-sts-v1-test-213,1.1
boostcamp-sts-v1-test-214,4.5
boostcamp-sts-v1-test-215,4.6
boostcamp-sts-v1-test-216,2.3
boostcamp-sts-v1-test-217,4.6
boostcamp-sts-v1-test-218,1.7
boostcamp-sts-v1-test-219,1.5
boostcamp-sts-v1-test-220,2.4
boostcamp-sts-v1-test-221,4.9
boostcamp-sts-v1-test-222,2.5
boostcamp-sts-v1-test-223,3.3
boostcamp-sts-v1-test-224,1.6
boostcamp-sts-v1-test-225,1.7
boostcamp-sts-v1-test-226,3.2
boostcamp-sts-v1-test-227,4.7
boostcamp-sts-v1-test-228,2.4
boostcamp-sts-v1-test-229,3.0
boostcamp-sts-v1-test-230,2.5
boostcamp-sts-v1-test-231,2.0
boostcamp-sts-v1-test-232,2.4
boostcamp-sts-v1-test-233,4.3
boostcamp-sts-v1-test-234,1.2
boostcamp-sts-v1-test-235,2.8
boostcamp-sts-v1-test-236,1.9
boostcamp-sts-v1-test-237,2.1
boostcamp-sts-v1-test-238,1.6
boostcamp-sts-v1-test-239,4.4
boostcamp-sts-v1-test-240,2.0
boostcamp-sts-v1-test-241,3.2
boostcamp-sts-v1-test-242,2.2
boostcamp-sts-v1-test-243,3.0
boostcamp-sts-v1-test-244,4.1
boostcamp-sts-v1-test-245,5.0
boostcamp-sts-v1-test-246,3.5
boostcamp-sts-v1-test-247,4.1
boostcamp-sts-v1-test-248,2.7
boostcamp-sts-v1-test-249,2.0
boostcamp-sts-v1-test-250,3.2
boostcamp-sts-v1-test-251,4.9
boostcamp-sts-v1-test-252,1.2
boostcamp-sts-v1-test-253,1.1
boostcamp-sts-v1-test-254,4.8
boostcamp-sts-v1-test-255,4.2
boostcamp-sts-v1-test-256,1.1
boostcamp-sts-v1-test-257,1.1
boostcamp-sts-v1-test-258,1.3
boostcamp-sts-v1-test-259,5.0
boostcamp-sts-v1-test-260,1.4
boostcamp-sts-v1-test-261,4.9
boostcamp-sts-v1-test-262,1.7
boostcamp-sts-v1-test-263,1.8
boostcamp-sts-v1-test-264,3.6
boostcamp-sts-v1-test-265,2.6
boostcamp-sts-v1-test-266,3.5
boostcamp-sts-v1-test-267,2.2
boostcamp-sts-v1-test-268,4.9
boostcamp-sts-v1-test-269,2.7
boostcamp-sts-v1-test-270,1.7
boostcamp-sts-v1-test-271,4.2
boostcamp-sts-v1-test-272,3.6
boostcamp-sts-v1-test-273,2.7
boostcamp-sts-v1-test-274,4.9
boostcamp-sts-v1-test-275,4.7
boostcamp-sts-v1-test-276,2.8
boostcamp-sts-v1-test-277,1.2
boostcamp-sts-v1-test-278,2.2
boostcamp-sts-v1-test-279,3.3
boostcamp-sts-v1-test-280,3.2
boostcamp-sts-v1-test-281,4.0
boostcamp-sts-v1-test-282,4.2
boostcamp-sts-v1-test-283,1.4
boostcamp-sts-v1-test-284,1.4
boostcamp-sts-v1-test-285,1.2
boostcamp-sts-v1-test-286,3.0
boostcamp-sts-v1-test-287,4.5
boostcamp-sts-v1-test-288,4.4
boostcamp-sts-v1-test-289,1.7
boostcamp-sts-v1-test-290,3.2
boostcamp-sts-v1-test-291,1.5
boostcamp-sts-v1-test-292,1.1
boostcamp-sts-v1-test-293,2.8
boostcamp-sts-v1-test-294,3.6
boostcamp-sts-v1-test-295,3.4
boostcamp-sts-v1-test-296,3.7
boostcamp-sts-v1-test-297,4.7
boostcamp-sts-v1-test-298,2.4
boostcamp-sts-v1-test-299,1.4
boostcamp-sts-v1-test-300,3.4
boostcamp-sts-v1-test-301,4.7
boostcamp-sts-v1-test-302,3.0
boostcamp-sts-v1-test-303,4.0
boostcamp-sts-v1-test-304,3.7
boostcamp-sts-v1-test-305,1.3
boostcamp-sts-v1-test-306,2.0
boostcamp-sts-v1-test-307,4.7
boostcamp-sts-v1-test-308,2.4
boostcamp-sts-v1-test-309,3.4
boostcamp-sts-v1-test-310,4.7
boostcamp-sts-v1-test-311,2.1
boostcamp-sts-v1-test-312,3.4
boostcamp-sts-v1-test-313,2.4
boostcamp-sts-v1-test-314,4.7
boostcamp-sts-v1-test-315,2.3
boostcamp-sts-v1-test-316,3.7
boostcamp-sts-v1-test-317,5.0
boostcamp-sts-v1-test-318,4.5
boostcamp-sts-v1-test-319,1.3
boostcamp-sts-v1-test-320,4.7
boostcamp-sts-v1-test-321,1.5
boostcamp-sts-v1-test-322,4.1
boostcamp-sts-v1-test-323,4.1
boostcamp-sts-v1-test-324,3.9
boostcamp-sts-v1-test-325,3.6
boostcamp-sts-v1-test-326,3.2
boostcamp-sts-v1-test-327,1.3
boostcamp-sts-v1-test-328,1.7
boostcamp-sts-v1-test-329,2.9
boostcamp-sts-v1-test-330,4.0
boostcamp-sts-v1-test-331,4.2
boostcamp-sts-v1-test-332,1.8
boostcamp-sts-v1-test-333,1.5
boostcamp-sts-v1-test-334,2.1
boostcamp-sts-v1-test-335,1.8
boostcamp-sts-v1-test-336,2.5
boostcamp-sts-v1-test-337,2.7
boostcamp-sts-v1-test-338,3.4
boostcamp-sts-v1-test-339,3.0
boostcamp-sts-v1-test-340,3.3
boostcamp-sts-v1-test-341,3.5
boostcamp-sts-v1-test-342,1.4
boostcamp-sts-v1-test-343,3.4
boostcamp-sts-v1-test-344,4.2
boostcamp-sts-v1-test-345,1.1
boostcamp-sts-v1-test-346,4.7
boostcamp-sts-v1-test-347,3.5
boostcamp-sts-v1-test-348,2.5
boostcamp-sts-v1-test-349,2.8
boostcamp-sts-v1-test-350,2.4
boostcamp-sts-v1-test-351,3.4
boostcamp-sts-v1-test-352,2.8
boostcamp-sts-v1-test-353,1.9
boostcamp-sts-v1-test-354,2.6
boostcamp-sts-v1-test-355,2.1
boostcamp-sts-v1-test-356,1.9
boostcamp-sts-v1-test-357,4.4
boostcamp-sts-v1-test-358,1.2
boostcamp-sts-v1-test-359,3.3
boostcamp-sts-v1-test-360,4.5
boostcamp-sts-v1-test-361,3.7
boostcamp-sts-v1-test-362,4.5
boostcamp-sts-v1-test-363,2.5
boostcamp-sts-v1-test-364,2.4
boostcamp-sts-v1-test-365,4.8
boostcamp-sts-v1-test-366,3.8
boostcamp-sts-v1-test-367,4.3
boostcamp-sts-v1-test-368,3.4
boostcamp-sts-v1-test-369,4.9
boostcamp-sts-v1-test-370,4.8
boostcamp-sts-v1-test-371,1.3
boostcamp-sts-v1-test-372,2.9
boostcamp-sts-v1-test-373,3.5
boostcamp-sts-v1-test-374,1.2
boostcamp-sts-v1-test-375,4.5
boostcamp-sts-v1-test-376,4.8
boostcamp-sts-v1-test-377,1.8
boostcamp-sts-v1-test-378,1.9
boostcamp-sts-v1-test-379,5.0
boostcamp-sts-v1-test-380,2.5
boostcamp-sts-v1-test-381,1.6
boostcamp-sts-v1-test-382,4.4
boostcamp-sts-v1-test-383,4.9
boostcamp-sts-v1-test-384,3.2
boostcamp-sts-v1-test-385,3.8
boostcamp-sts-v1-test-386,4.5
boostcamp-sts-v1-test-387,3.4
boostcamp-sts-v1-test-388,1.6
boostcamp-sts-v1-test-389,3.3
boostcamp-sts-v1-test-390,1.6
boostcamp-sts-v1-test-391,1.7
boostcamp-sts-v1-test-392,2.2
boostcamp-sts-v1-test-393,4.3
boostcamp-sts-v1-test-394,3.3
boostcamp-sts-v1-test-395,2.2
boostcamp-sts-v1-test-396,1.5
boostcamp-sts-v1-test-397,4.7
boostcamp-sts-v1-test-398,2.7
boostcamp-sts-v1-test-399,1.4
boostcamp-sts-v1-test-400,5.0
boostcamp-sts-v1-test-401,1.6
boostcamp-sts-v1-test-402,2.9
boostcamp-sts-v1-test-403,4.4
boostcamp-sts-v1-test-404,3.4
boostcamp-sts-v1-test-405,2.4
boostcamp-sts-v1-test-406,2.5
boostcamp-sts-v1-test-407,1.2
boostcamp-sts-v1-test-408,2.2
boostcamp-sts-v1-test-409,4.7
boostcamp-sts-v1-test-410,2.3
boostcamp-sts-v1-test-411,2.5
boostcamp-sts-v1-test-412,5.0
boostcamp-sts-v1-test-413,2.5
boostcamp-sts-v1-test-414,2.2
boostcamp-sts-v1-test-415,3.2
boostcamp-sts-v1-test-416,2.1
boostcamp-sts-v1-test-417,4.7
boostcamp-sts-v1-test-418,3.8
boostcamp-sts-v1-test-419,3.8
boostcamp-sts-v1-test-420,1.5
boostcamp-sts-v1-test-421,4.8
boostcamp-sts-v1-test-422,2.9
boostcamp-sts-v1-test-423,2.9
boostcamp-sts-v1-test-424,1.1
boostcamp-sts-v1-test-425,3.8
boostcamp-sts-v1-test-426,1.3
boostcamp-sts-v1-test-427,1.1
boostcamp-sts-v1-test-428,4.5
boostcamp-sts-v1-test-429,2.7
boostcamp-sts-v1-test-430,3.4
boostcamp-sts-v1-test-431,3.5
boostcamp-sts-v1-test-432,2.4
boostcamp-sts-v1-test-433,1.6
boostcamp-sts-v1-test-434,3.1
boostcamp-sts-v1-test-435,2.3
boostcamp-sts-v1-test-436,4.8
boostcamp-sts-v1-test-437,4.9
boostcamp-sts-v1-test-438,3.3
boostcamp-sts-v1-test-439,1.7
boostcamp-sts-v1-test-440,3.8
boostcamp-sts-v1-test-441,3.8
boostcamp-sts-v1-test-442,1.2
boostcamp-sts-v1-test-443,1.1
boostcamp-sts-v1-test-444,2.3
boostcamp-sts-v1-test-445,3.1
boostcamp-sts-v1-test-446,4.3
boostcamp-sts-v1-test-447,4.2
boostcamp-sts-v1-test-448,3.7
boostcamp-sts-v1-test-449,4.9
boostcamp-sts-v1-test-450,3.4
boostcamp-sts-v1-test-451,2.4
boostcamp-sts-v1-test-452,2.5
boostcamp-sts-v1-test-453,2.7
boostcamp-sts-v1-test-454,2.2
boostcamp-sts-v1-test-455,1.2
boostcamp-sts-v1-test-456,1.7
boostcamp-sts-v1-test-457,4.8
boostcamp-sts-v1-test-458,1.2
boostcamp-sts-v1-test-459,3.8
boostcamp-sts-v1-test-460,4.9
boostcamp-sts-v1-test-461,1.5
boostcamp-sts-v1-test-462,3.9
boostcamp-sts-v1-test-463,3.7
boostcamp-sts-v1-test-464,4.8
boostcamp-sts-v1-test-465,2.5
boostcamp-sts-v1-test-466,2.2
boostcamp-sts-v1-test-467,4.4
boostcamp-sts-v1-test-468,2.2
boostcamp-sts-v1-test-469,2.4
boostcamp-sts-v1-test-470,1.9
boostcamp-sts-v1-test-471,1.4
boostcamp-sts-v1-test-472,4.5
boostcamp-sts-v1-test-473,2.4
boostcamp-sts-v1-test-474,3.7
boostcamp-sts-v1-test-475,4.5
boostcamp-sts-v1-test-476,4.5
boostcamp-sts-v1-test-477,2.8
boostcamp-sts-v1-test-478,4.5
boostcamp-sts-v1-test-479,1.9
boostcamp-sts-v1-test-480,3.5
boostcamp-sts-v1-test-481,1.4
boostcamp-sts-v1-test-482,3.5
boostcamp-sts-v1-test-483,4.6
boostcamp-sts-v1-test-484,1.6
boostcamp-sts-v1-test-485,4.9
boostcamp-sts-v1-test-486,1.1
boostcamp-sts-v1-test-487,1.2
boostcamp-sts-v1-test-488,2.0
boostcamp-sts-v1-test-489,4.1
boostcamp-sts-v1-test-490,3.4
boostcamp-sts-v1-test-491,1.7
boostcamp-sts-v1-test-492,4.4
boostcamp-sts-v1-test-493,1.0
boostcamp-sts-v1-test-494,4.6
boostcamp-sts-v1-test-495,3.2
boostcamp-sts-v1-test-496,2.5
boostcamp-sts-v1-test-497,4.3
boostcamp-sts-v1-test-498,4.1
boostcamp-sts-v1-test-499,3.7
boostcamp-sts-v1-test-500,2.0
boostcamp-sts-v1-test-501,1.2
boostcamp-sts-v1-test-502,2.8
boostcamp-sts-v1-test-503,3.4
boostcamp-sts-v1-test-504,1.7
boostcamp-sts-v1-test-505,1.7
boostcamp-sts-v1-test-506,2.0
boostcamp-sts-v1-test-507,3.6
boostcamp-sts-v1-test-508,3.2
boostcamp-sts-v1-test-509,4.6
boostcamp-sts-v1-test-510,2.5
boostcamp-sts-v1-test-511,2.5
boostcamp-sts-v1-test-512,1.5
boostcamp-sts-v1-test-513,2.0
boostcamp-sts-v1-test-514,3.6
boostcamp-sts-v1-test-515,4.1
boostcamp-sts-v1-test-516,3.1
boostcamp-sts-v1-test-517,1.3
boostcamp-sts-v1-test-518,3.5
boostcamp-sts-v1-test-519,4.7
boostcamp-sts-v1-test-520,4.2
boostcamp-sts-v1-test-521,3.5
boostcamp-sts-v1-test-522,2.7
boostcamp-sts-v1-test-523,1.9
boostcamp-sts-v1-test-524,4.5
boostcamp-sts-v1-test-525,4.2
boostcamp-sts-v1-test-526,4.8
boostcamp-sts-v1-test-527,4.7
boostcamp-sts-v1-test-528,2.0
boostcamp-sts-v1-test-529,2.9
boostcamp-sts-v1-test-530,3.1
boostcamp-sts-v1-test-531,2.2
boostcamp-sts-v1-test-532,2.8
boostcamp-sts-v1-test-533,2.2
boostcamp-sts-v1-test-534,1.8
boostcamp-sts-v1-test-535,1.5
boostcamp-sts-v1-test-536,4.6
boostcamp-sts-v1-test-537,3.4
boostcamp-sts-v1-test-538,4.5
boostcamp-sts-v1-test-539,4.4
boostcamp-sts-v1-test-540,4.2
boostcamp-sts-v1-test-541,3.9
boostcamp-sts-v1-test-542,1.8
boostcamp-sts-v1-test-543,2.9
boostcamp-sts-v1-test-544,2.1
boostcamp-sts-v1-test-545,2.5
boostcamp-sts-v1-test-546,2.3
boostcamp-sts-v1-test-547,5.0
boostcamp-sts-v1-test-548,4.1
boostcamp-sts-v1-test-549,3.8
boostcamp-sts-v1-test-550,1.2
boostcamp-sts-v1-test-551,2.8
boostcamp-sts-v1-test-552,1.5
boostcamp-sts-v1-test-553,2.8
boostcamp-sts-v1-test-554,3.3
boostcamp-sts-v1-test-555,2.5
boostcamp-sts-v1-test-556,3.7
boostcamp-sts-v1-test-557,2.8
boostcamp-sts-v1-test-558,2.0
boostcamp-sts-v1-test-559,2.9
boostcamp-sts-v1-test-560,3.9
boostcamp-sts-v1-test-561,1.7
boostcamp-sts-v1-test-562,3.2
boostcamp-sts-v1-test-563,4.8
boostcamp-sts-v1-test-564,4.9
boostcamp-sts-v1-test-565,3.8
boostcamp-sts-v1-test-566,4.7
boostcamp-sts-v1-test-567,4.4
boostcamp-sts-v1-test-568,2.3
boostcamp-sts-v1-test-569,3.0
boostcamp-sts-v1-test-570,3.2
boostcamp-sts-v1-test-571,3.4
boostcamp-sts-v1-test-572,3.6
boostcamp-sts-v1-test-573,1.5
boostcamp-sts-v1-test-574,4.3
boostcamp-sts-v1-test-575,4.0
boostcamp-sts-v1-test-576,1.8
boostcamp-sts-v1-test-577,1.8
boostcamp-sts-v1-test-578,3.0
boostcamp-sts-v1-test-579,4.2
boostcamp-sts-v1-test-580,4.7
boostcamp-sts-v1-test-581,4.2
boostcamp-sts-v1-test-582,2.0
boostcamp-sts-v1-test-583,4.2
boostcamp-sts-v1-test-584,3.8
boostcamp-sts-v1-test-585,2.7
boostcamp-sts-v1-test-586,1.4
boostcamp-sts-v1-test-587,3.5
boostcamp-sts-v1-test-588,2.3
boostcamp-sts-v1-test-589,4.1
boostcamp-sts-v1-test-590,4.0
boostcamp-sts-v1-test-591,1.1
boostcamp-sts-v1-test-592,3.7
boostcamp-sts-v1-test-593,2.4
boostcamp-sts-v1-test-594,4.4
boostcamp-sts-v1-test-595,1.5
boostcamp-sts-v1-test-596,4.2
boostcamp-sts-v1-test-597,3.0
boostcamp-sts-v1-test-598,4.8
boostcamp-sts-v1-test-599,1.8
boostcamp-sts-v1-test-600,1.5
boostcamp-sts-v1-test-601,1.5
boostcamp-sts-v1-test-602,2.2
boostcamp-sts-v1-test-603,1.1
boostcamp-sts-v1-test-604,2.4
boostcamp-sts-v1-test-605,3.9
boostcamp-sts-v1-test-606,4.1
boostcamp-sts-v1-test-607,4.9
boostcamp-sts-v1-test-608,4.5
boostcamp-sts-v1-test-609,4.5
boostcamp-sts-v1-test-610,2.6
boostcamp-sts-v1-test-611,1.4
boostcamp-sts-v1-test-612,1.5
boostcamp-sts-v1-test-613,3.0
boostcamp-sts-v1-test-614,1.0
boostcamp-sts-v1-test-615,1.4
boostcamp-sts-v1-test-616,1.8
boostcamp-sts-v1-test-617,1.1
boostcamp-sts-v1-test-618,3.4
boostcamp-sts-v1-test-619,4.2
boostcamp-sts-v1-test-620,2.7
boostcamp-sts-v1-test-621,2.0
boostcamp-sts-v1-test-622,2.1
boostcamp-sts-v1-test-623,4.2
boostcamp-sts-v1-test-624,1.0
boostcamp-sts-v1-test-625,3.5
boostcamp-sts-v1-test-626,3.4
boostcamp-sts-v1-test-627,2.3
boostcamp-sts-v1-test-628,3.7
boostcamp-sts-v1-test-629,4.7
boostcamp-sts-v1-test-630,1.7
boostcamp-sts-v1-test-631,1.7
boostcamp-sts-v1-test-632,4.9
boostcamp-sts-v1-test-633,3.5
boostcamp-sts-v1-test-634,1.8
boostcamp-sts-v1-test-635,2.8
boostcamp-sts-v1-test-636,3.0
boostcamp-sts-v1-test-637,3.3
boostcamp-sts-v1-test-638,3.4
boostcamp-sts-v1-test-639,2.3
boostcamp-sts-v1-test-640,3.6
boostcamp-sts-v1-test-641,3.1
boostcamp-sts-v1-test-642,2.9
boostcamp-sts-v1-test-643,3.5
boostcamp-sts-v1-test-644,4.5
boostcamp-sts-v1-test-645,4.1
boostcamp-sts-v1-test-646,1.3
boostcamp-sts-v1-test-647,2.7
boostcamp-sts-v1-test-648,3.4
boostcamp-sts-v1-test-649,3.8
boostcamp-sts-v1-test-650,4.1
boostcamp-sts-v1-test-651,1.8
boostcamp-sts-v1-test-652,3.5
boostcamp-sts-v1-test-653,3.7
boostcamp-sts-v1-test-654,2.8
boostcamp-sts-v1-test-655,1.8
boostcamp-sts-v1-test-656,3.9
boostcamp-sts-v1-test-657,2.6
boostcamp-sts-v1-test-658,4.4
boostcamp-sts-v1-test-659,3.9
boostcamp-sts-v1-test-660,2.4
boostcamp-sts-v1-test-661,3.4
boostcamp-sts-v1-test-662,4.0
boostcamp-sts-v1-test-663,1.4
boostcamp-sts-v1-test-664,1.4
boostcamp-sts-v1-test-665,2.0
boostcamp-sts-v1-test-666,4.4
boostcamp-sts-v1-test-667,3.9
boostcamp-sts-v1-test-668,2.7
boostcamp-sts-v1-test-669,4.4
boostcamp-sts-v1-test-670,1.5
boostcamp-sts-v1-test-671,1.2
boostcamp-sts-v1-test-672,3.9
boostcamp-sts-v1-test-673,3.6
boostcamp-sts-v1-test-674,1.9
boostcamp-sts-v1-test-675,1.2
boostcamp-sts-v1-test-676,1.1
boostcamp-sts-v1-test-677,1.1
boostcamp-sts-v1-test-678,4.2
boostcamp-sts-v1-test-679,4.3
boostcamp-sts-v1-test-680,2.4
boostcamp-sts-v1-test-681,2.0
boostcamp-sts-v1-test-682,4.8
boostcamp-sts-v1-test-683,3.2
boostcamp-sts-v1-test-684,4.8
boostcamp-sts-v1-test-685,1.6
boostcamp-sts-v1-test-686,4.7
boostcamp-sts-v1-test-687,3.3
boostcamp-sts-v1-test-688,1.7
boostcamp-sts-v1-test-689,3.1
boostcamp-sts-v1-test-690,1.5
boostcamp-sts-v1-test-691,1.8
boostcamp-sts-v1-test-692,2.1
boostcamp-sts-v1-test-693,3.4
boostcamp-sts-v1-test-694,1.0
boostcamp-sts-v1-test-695,2.1
boostcamp-sts-v1-test-696,1.6
boostcamp-sts-v1-test-697,5.0
boostcamp-sts-v1-test-698,4.1
boostcamp-sts-v1-test-699,3.6
boostcamp-sts-v1-test-700,3.1
boostcamp-sts-v1-test-701,1.1
boostcamp-sts-v1-test-702,3.6
boostcamp-sts-v1-test-703,4.5
boostcamp-sts-v1-test-704,2.6
boostcamp-sts-v1-test-705,2.8
boostcamp-sts-v1-test-706,2.7
boostcamp-sts-v1-test-707,2.8
boostcamp-sts-v1-test-708,2.2
boostcamp-sts-v1-test-709,1.7
boostcamp-sts-v1-test-710,3.3
boostcamp-sts-v1-test-711,2.8
boostcamp-sts-v1-test-712,3.6
boostcamp-sts-v1-test-713,2.9
boostcamp-sts-v1-test-714,3.1
boostcamp-sts-v1-test-715,2.4
boostcamp-sts-v1-test-716,1.7
boostcamp-sts-v1-test-717,2.3
boostcamp-sts-v1-test-718,2.5
boostcamp-sts-v1-test-719,4.2
boostcamp-sts-v1-test-720,3.6
boostcamp-sts-v1-test-721,1.3
boostcamp-sts-v1-test-722,1.2
boostcamp-sts-v1-test-723,4.7
boostcamp-sts-v1-test-724,3.5
boostcamp-sts-v1-test-725,2.4
boostcamp-sts-v1-test-726,2.2
boostcamp-sts-v1-test-727,4.7
boostcamp-sts-v1-test-728,3.1
boostcamp-sts-v1-test-729,2.5
boostcamp-sts-v1-test-730,2.0
boostcamp-sts-v1-test-731,4.5
boostcamp-sts-v1-test-732,2.8
boostcamp-sts-v1-test-733,2.5
boostcamp-sts-v1-test-734,2.7
boostcamp-sts-v1-test-735,3.2
boostcamp-sts-v1-test-736,3.5
boostcamp-sts-v1-test-737,2.5
boostcamp-sts-v1-test-738,1.2
boostcamp-sts-v1-test-739,3.8
boostcamp-sts-v1-test-740,1.2
boostcamp-sts-v1-test-741,1.3
boostcamp-sts-v1-test-742,1.1
boostcamp-sts-v1-test-743,2.8
boostcamp-sts-v1-test-744,4.5
boostcamp-sts-v1-test-745,2.9
boostcamp-sts-v1-test-746,3.7
boostcamp-sts-v1-test-747,2.5
boostcamp-sts-v1-test-748,2.0
boostcamp-sts-v1-test-749,3.2
boostcamp-sts-v1-test-750,1.1
boostcamp-sts-v1-test-751,4.9
boostcamp-sts-v1-test-752,3.6
boostcamp-sts-v1-test-753,2.3
boostcamp-sts-v1-test-754,1.6
boostcamp-sts-v1-test-755,4.3
boostcamp-sts-v1-test-756,3.5
boostcamp-sts-v1-test-757,2.9
boostcamp-sts-v1-test-758,3.5
boostcamp-sts-v1-test-759,2.4
boostcamp-sts-v1-test-760,1.9
boostcamp-sts-v1-test-761,2.4
boostcamp-sts-v1-test-762,2.4
boostcamp-sts-v1-test-763,2.2
boostcamp-sts-v1-test-764,2.2
boostcamp-sts-v1-test-765,4.3
boostcamp-sts-v1-test-766,3.7
boostcamp-sts-v1-test-767,3.6
boostcamp-sts-v1-test-768,3.7
boostcamp-sts-v1-test-769,2.5
boostcamp-sts-v1-test-770,3.4
boostcamp-sts-v1-test-771,1.5
boostcamp-sts-v1-test-772,1.8
boostcamp-sts-v1-test-773,4.4
boostcamp-sts-v1-test-774,2.8
boostcamp-sts-v1-test-775,2.4
boostcamp-sts-v1-test-776,1.2
boostcamp-sts-v1-test-777,4.2
boostcamp-sts-v1-test-778,3.0
boostcamp-sts-v1-test-779,3.8
boostcamp-sts-v1-test-780,1.7
boostcamp-sts-v1-test-781,3.5
boostcamp-sts-v1-test-782,2.5
boostcamp-sts-v1-test-783,2.6
boostcamp-sts-v1-test-784,1.1
boostcamp-sts-v1-test-785,4.9
boostcamp-sts-v1-test-786,1.9
boostcamp-sts-v1-test-787,2.9
boostcamp-sts-v1-test-788,3.8
boostcamp-sts-v1-test-789,2.5
boostcamp-sts-v1-test-790,2.5
boostcamp-sts-v1-test-791,2.4
boostcamp-sts-v1-test-792,4.0
boostcamp-sts-v1-test-793,2.9
boostcamp-sts-v1-test-794,2.2
boostcamp-sts-v1-test-795,2.0
boostcamp-sts-v1-test-796,4.1
boostcamp-sts-v1-test-797,1.8
boostcamp-sts-v1-test-798,2.6
boostcamp-sts-v1-test-799,2.9
boostcamp-sts-v1-test-800,3.9
boostcamp-sts-v1-test-801,1.3
boostcamp-sts-v1-test-802,4.0
boostcamp-sts-v1-test-803,3.5
boostcamp-sts-v1-test-804,4.5
boostcamp-sts-v1-test-805,2.9
boostcamp-sts-v1-test-806,3.2
boostcamp-sts-v1-test-807,1.1
boostcamp-sts-v1-test-808,2.4
boostcamp-sts-v1-test-809,2.3
boostcamp-sts-v1-test-810,3.0
boostcamp-sts-v1-test-811,2.5
boostcamp-sts-v1-test-812,1.8
boostcamp-sts-v1-test-813,4.9
boostcamp-sts-v1-test-814,4.9
boostcamp-sts-v1-test-815,2.1
boostcamp-sts-v1-test-816,2.1
boostcamp-sts-v1-test-817,3.4
boostcamp-sts-v1-test-818,2.2
boostcamp-sts-v1-test-819,1.5
boostcamp-sts-v1-test-820,3.8
boostcamp-sts-v1-test-821,3.5
boostcamp-sts-v1-test-822,4.4
boostcamp-sts-v1-test-823,1.3
boostcamp-sts-v1-test-824,4.3
boostcamp-sts-v1-test-825,3.3
boostcamp-sts-v1-test-826,2.8
boostcamp-sts-v1-test-827,5.0
boostcamp-sts-v1-test-828,2.9
boostcamp-sts-v1-test-829,1.3
boostcamp-sts-v1-test-830,4.4
boostcamp-sts-v1-test-831,2.4
boostcamp-sts-v1-test-832,3.8
boostcamp-sts-v1-test-833,2.8
boostcamp-sts-v1-test-834,3.8
boostcamp-sts-v1-test-835,2.3
boostcamp-sts-v1-test-836,4.6
boostcamp-sts-v1-test-837,1.1
boostcamp-sts-v1-test-838,4.6
boostcamp-sts-v1-test-839,4.4
boostcamp-sts-v1-test-840,4.7
boostcamp-sts-v1-test-841,2.8
boostcamp-sts-v1-test-842,3.5
boostcamp-sts-v1-test-843,3.6
boostcamp-sts-v1-test-844,4.1
boostcamp-sts-v1-test-845,4.3
boostcamp-sts-v1-test-846,1.0
boostcamp-sts-v1-test-847,1.3
boostcamp-sts-v1-test-848,4.8
boostcamp-sts-v1-test-849,4.5
boostcamp-sts-v1-test-850,3.5
boostcamp-sts-v1-test-851,4.5
boostcamp-sts-v1-test-852,2.4
boostcamp-sts-v1-test-853,1.9
boostcamp-sts-v1-test-854,4.4
boostcamp-sts-v1-test-855,2.7
boostcamp-sts-v1-test-856,1.9
boostcamp-sts-v1-test-857,2.2
boostcamp-sts-v1-test-858,3.8
boostcamp-sts-v1-test-859,3.3
boostcamp-sts-v1-test-860,4.4
boostcamp-sts-v1-test-861,3.1
boostcamp-sts-v1-test-862,1.4
boostcamp-sts-v1-test-863,3.3
boostcamp-sts-v1-test-864,2.7
boostcamp-sts-v1-test-865,1.9
boostcamp-sts-v1-test-866,2.6
boostcamp-sts-v1-test-867,1.0
boostcamp-sts-v1-test-868,4.6
boostcamp-sts-v1-test-869,1.9
boostcamp-sts-v1-test-870,1.0
boostcamp-sts-v1-test-871,1.6
boostcamp-sts-v1-test-872,3.1
boostcamp-sts-v1-test-873,3.1
boostcamp-sts-v1-test-874,2.0
boostcamp-sts-v1-test-875,4.2
boostcamp-sts-v1-test-876,4.2
boostcamp-sts-v1-test-877,1.4
boostcamp-sts-v1-test-878,4.8
boostcamp-sts-v1-test-879,1.1
boostcamp-sts-v1-test-880,2.7
boostcamp-sts-v1-test-881,1.4
boostcamp-sts-v1-test-882,3.7
boostcamp-sts-v1-test-883,4.1
boostcamp-sts-v1-test-884,1.0
boostcamp-sts-v1-test-885,3.0
boostcamp-sts-v1-test-886,3.7
boostcamp-sts-v1-test-887,2.5
boostcamp-sts-v1-test-888,3.6
boostcamp-sts-v1-test-889,1.7
boostcamp-sts-v1-test-890,3.5
boostcamp-sts-v1-test-891,2.2
boostcamp-sts-v1-test-892,3.1
boostcamp-sts-v1-test-893,3.1
boostcamp-sts-v1-test-894,4.6
boostcamp-sts-v1-test-895,3.8
boostcamp-sts-v1-test-896,1.7
boostcamp-sts-v1-test-897,1.2
boostcamp-sts-v1-test-898,4.6
boostcamp-sts-v1-test-899,1.5
boostcamp-sts-v1-test-900,1.3
boostcamp-sts-v1-test-901,4.5
boostcamp-sts-v1-test-902,1.8
boostcamp-sts-v1-test-903,3.5
boostcamp-sts-v1-test-904,4.1
boostcamp-sts-v1-test-905,4.9
boostcamp-sts-v1-test-906,1.4
boostcamp-sts-v1-test-907,4.9
boostcamp-sts-v1-test-908,2.5
boostcamp-sts-v1-test-909,4.5
boostcamp-sts-v1-test-910,3.5
boostcamp-sts-v1-test-911,2.4
boostcamp-sts-v1-test-912,4.6
boostcamp-sts-v1-test-913,1.9
boostcamp-sts-v1-test-914,4.5
boostcamp-sts-v1-test-915,4.8
boostcamp-sts-v1-test-916,1.3
boostcamp-sts-v1-test-917,3.6
boostcamp-sts-v1-test-918,4.7
boostcamp-sts-v1-test-919,3.7
boostcamp-sts-v1-test-920,1.4
boostcamp-sts-v1-test-921,4.5
boostcamp-sts-v1-test-922,4.5
boostcamp-sts-v1-test-923,4.7
boostcamp-sts-v1-test-924,4.4
boostcamp-sts-v1-test-925,2.0
boostcamp-sts-v1-test-926,2.9
boostcamp-sts-v1-test-927,2.5
boostcamp-sts-v1-test-928,3.4
boostcamp-sts-v1-test-929,1.1
boostcamp-sts-v1-test-930,2.7
boostcamp-sts-v1-test-931,3.2
boostcamp-sts-v1-test-932,4.7
boostcamp-sts-v1-test-933,2.6
boostcamp-sts-v1-test-934,3.0
boostcamp-sts-v1-test-935,1.1
boostcamp-sts-v1-test-936,4.1
boostcamp-sts-v1-test-937,4.7
boostcamp-sts-v1-test-938,3.9
boostcamp-sts-v1-test-939,3.3
boostcamp-sts-v1-test-940,1.7
boostcamp-sts-v1-test-941,1.8
boostcamp-sts-v1-test-942,4.1
boostcamp-sts-v1-test-943,3.3
boostcamp-sts-v1-test-944,2.3
boostcamp-sts-v1-test-945,4.0
boostcamp-sts-v1-test-946,3.4
boostcamp-sts-v1-test-947,1.9
boostcamp-sts-v1-test-948,4.8
boostcamp-sts-v1-test-949,2.4
boostcamp-sts-v1-test-950,3.2
boostcamp-sts-v1-test-951,1.2
boostcamp-sts-v1-test-952,4.4
boostcamp-sts-v1-test-953,2.1
boostcamp-sts-v1-test-954,2.5
boostcamp-sts-v1-test-955,2.9
boostcamp-sts-v1-test-956,2.1
boostcamp-sts-v1-test-957,1.9
boostcamp-sts-v1-test-958,1.4
boostcamp-sts-v1-test-959,3.7
boostcamp-sts-v1-test-960,3.4
boostcamp-sts-v1-test-961,2.6
boostcamp-sts-v1-test-962,2.0
boostcamp-sts-v1-test-963,3.5
boostcamp-sts-v1-test-964,4.7
boostcamp-sts-v1-test-965,1.5
boostcamp-sts-v1-test-966,4.3
boostcamp-sts-v1-test-967,2.7
boostcamp-sts-v1-test-968,2.9
boostcamp-sts-v1-test-969,3.7
boostcamp-sts-v1-test-970,1.6
boostcamp-sts-v1-test-971,3.7
boostcamp-sts-v1-test-972,2.3
boostcamp-sts-v1-test-973,4.8
boostcamp-sts-v1-test-974,3.8
boostcamp-sts-v1-test-975,1.1
boostcamp-sts-v1-test-976,3.0
boostcamp-sts-v1-test-977,1.9
boostcamp-sts-v1-test-978,3.9
boostcamp-sts-v1-test-979,2.5
boostcamp-sts-v1-test-980,3.4
boostcamp-sts-v1-test-981,1.1
boostcamp-sts-v1-test-982,2.2
boostcamp-sts-v1-test-983,1.1
boostcamp-sts-v1-test-984,2.5
boostcamp-sts-v1-test-985,3.9
boostcamp-sts-v1-test-986,4.3
boostcamp-sts-v1-test-987,4.3
boostcamp-sts-v1-test-988,1.1
boostcamp-sts-v1-test-989,3.3
boostcamp-sts-v1-test-990,4.4
boostcamp-sts-v1-test-991,3.2
boostcamp-sts-v1-test-992,2.0
boostcamp-sts-v1-test-993,2.5
boostcamp-sts-v1-test-994,2.5
boostcamp-sts-v1-test-995,3.1
boostcamp-sts-v1-test-996,2.7
boostcamp-sts-v1-test-997,4.5
boostcamp-sts-v1-test-998,2.2
boostcamp-sts-v1-test-999,1.1
boostcamp-sts-v1-test-1000,4.5
boostcamp-sts-v1-test-1001,2.5
boostcamp-sts-v1-test-1002,2.0
boostcamp-sts-v1-test-1003,4.0
boostcamp-sts-v1-test-1004,2.1
boostcamp-sts-v1-test-1005,4.1
boostcamp-sts-v1-test-1006,4.6
boostcamp-sts-v1-test-1007,4.2
boostcamp-sts-v1-test-1008,1.4
boostcamp-sts-v1-test-1009,4.2
boostcamp-sts-v1-test-1010,2.2
boostcamp-sts-v1-test-1011,4.3
boostcamp-sts-v1-test-1012,3.2
boostcamp-sts-v1-test-1013,4.0
boostcamp-sts-v1-test-1014,2.2
boostcamp-sts-v1-test-1015,3.6
boostcamp-sts-v1-test-1016,1.3
boostcamp-sts-v1-test-1017,4.9
boostcamp-sts-v1-test-1018,3.3
boostcamp-sts-v1-test-1019,3.9
boostcamp-sts-v1-test-1020,2.3
boostcamp-sts-v1-test-1021,5.0
boostcamp-sts-v1-test-1022,2.8
boostcamp-sts-v1-test-1023,3.8
boostcamp-sts-v1-test-1024,1.9
boostcamp-sts-v1-test-1025,1.5
boostcamp-sts-v1-test-1026,1.1
boostcamp-sts-v1-test-1027,1.5
boostcamp-sts-v1-test-1028,3.9
boostcamp-sts-v1-test-1029,2.3
boostcamp-sts-v1-test-1030,2.9
boostcamp-sts-v1-test-1031,1.7
boostcamp-sts-v1-test-1032,3.2
boostcamp-sts-v1-test-1033,2.2
boostcamp-sts-v1-test-1034,2.1
boostcamp-sts-v1-test-1035,4.7
boostcamp-sts-v1-test-1036,1.7
boostcamp-sts-v1-test-1037,4.5
boostcamp-sts-v1-test-1038,3.0
boostcamp-sts-v1-test-1039,1.8
boostcamp-sts-v1-test-1040,2.2
boostcamp-sts-v1-test-1041,2.3
boostcamp-sts-v1-test-1042,3.5
boostcamp-sts-v1-test-1043,4.2
boostcamp-sts-v1-test-1044,2.1
boostcamp-sts-v1-test-1045,3.3
boostcamp-sts-v1-test-1046,4.6
boostcamp-sts-v1-test-1047,3.2
boostcamp-sts-v1-test-1048,1.5
boostcamp-sts-v1-test-1049,4.8
boostcamp-sts-v1-test-1050,3.6
boostcamp-sts-v1-test-1051,2.8
boostcamp-sts-v1-test-1052,2.5
boostcamp-sts-v1-test-1053,4.7
boostcamp-sts-v1-test-1054,3.6
boostcamp-sts-v1-test-1055,3.2
boostcamp-sts-v1-test-1056,4.1
boostcamp-sts-v1-test-1057,4.6
boostcamp-sts-v1-test-1058,2.7
boostcamp-sts-v1-test-1059,2.6
boostcamp-sts-v1-test-1060,3.8
boostcamp-sts-v1-test-1061,1.9
boostcamp-sts-v1-test-1062,1.9
boostcamp-sts-v1-test-1063,2.6
boostcamp-sts-v1-test-1064,1.9
boostcamp-sts-v1-test-1065,4.7
boostcamp-sts-v1-test-1066,3.6
boostcamp-sts-v1-test-1067,1.1
boostcamp-sts-v1-test-1068,4.7
boostcamp-sts-v1-test-1069,1.4
boostcamp-sts-v1-test-1070,2.8
boostcamp-sts-v1-test-1071,2.7
boostcamp-sts-v1-test-1072,3.2
boostcamp-sts-v1-test-1073,4.5
boostcamp-sts-v1-test-1074,2.0
boostcamp-sts-v1-test-1075,1.5
boostcamp-sts-v1-test-1076,3.1
boostcamp-sts-v1-test-1077,2.6
boostcamp-sts-v1-test-1078,3.6
boostcamp-sts-v1-test-1079,2.7
boostcamp-sts-v1-test-1080,3.7
boostcamp-sts-v1-test-1081,1.0
boostcamp-sts-v1-test-1082,3.0
boostcamp-sts-v1-test-1083,2.5
boostcamp-sts-v1-test-1084,2.6
boostcamp-sts-v1-test-1085,3.5
boostcamp-sts-v1-test-1086,3.6
boostcamp-sts-v1-test-1087,1.5
boostcamp-sts-v1-test-1088,4.3
boostcamp-sts-v1-test-1089,2.0
boostcamp-sts-v1-test-1090,3.5
boostcamp-sts-v1-test-1091,3.3
boostcamp-sts-v1-test-1092,1.4
boostcamp-sts-v1-test-1093,2.5
boostcamp-sts-v1-test-1094,4.6
boostcamp-sts-v1-test-1095,4.2
boostcamp-sts-v1-test-1096,4.0
boostcamp-sts-v1-test-1097,2.8
boostcamp-sts-v1-test-1098,3.6
boostcamp-sts-v1-test-1099,3.0
